{
  "goes": {
    "mean": [
      0.16417294224163184,
      0.13413888420415196,
      0.15609910437692506,
      0.04442546879422761,
      0.10018254250042656,
      0.08869807708808587,
      0.6432201298707703,
      0.5415893290569082,
      0.5716693803621745,
      0.6225750761146469,
      0.6855966673274612,
      0.6682183501638672,
      0.6795038079514286,
      0.6701851920890081,
      0.6627504243385397,
      0.6863220337478586
    ],
    "std": [
      0.21961954329166317,
      0.19867898087796745,
      0.22963424148118752,
      0.09888146426088468,
      0.14431069799514057,
      0.1305508005513249,
      0.24247760932924758,
      0.1769472206869404,
      0.18626181169035724,
      0.20965203602451712,
      0.26785708427682886,
      0.2712427213754926,
      0.26929776418359774,
      0.2684584393300501,
      0.26835592954316734,
      0.2645182467355862
    ],
    "files_used": 400
  },
  "himawari": {
    "mean": [
      0.17633482312296966,
      0.16402774415664756,
      0.15016818484747962,
      0.17103778417326387,
      0.12000720986458903,
      0.10267756439567138,
      0.5850409400766861,
      0.5438885003780509,
      0.588804759855474,
      0.6257726016179982,
      0.62722544237936,
      0.5659971803078798,
      0.613758978336038,
      0.6063825427137781,
      0.6076047350505512,
      0.6241985275439241
    ],
    "std": [
      0.22262561645216325,
      0.2111626051744112,
      0.20122473373768845,
      0.22228609778167605,
      0.15598740683119,
      0.13773766851708086,
      0.1974996998228751,
      0.21723146270105395,
      0.23297434160212324,
      0.24302992514598543,
      0.25333126609838963,
      0.2342035606952921,
      0.2555072918368016,
      0.2602320767560763,
      0.26465024570455026,
      0.26181063158646734
    ],
    "files_used": 400
  },
  "meteosat": {
    "mean": [
      0.1450700625847099,
      0.1322609358123302,
      0.12056234281054969,
      0.15996033246365537,
      0.13166516581173424,
      0.027862563985533426,
      0.1193218560650744,
      0.09095194474473063,
      0.5757200892495088,
      0.5689700474705612,
      0.6634692423042257,
      0.6600728284239998,
      0.5575227007908509,
      0.6521715779201949,
      0.6537084172752262,
      0.6701446910938343
    ],
    "std": [
      0.18654772668203792,
      0.17727242337347804,
      0.17090158672539832,
      0.21289220136679804,
      0.17837200963848415,
      0.06142296055126533,
      0.16207120643199568,
      0.1270012199026738,
      0.17879896547866717,
      0.14318686007285839,
      0.17157657787197547,
      0.20250199544626152,
      0.20451252801413108,
      0.20185419736408733,
      0.20377679629944975,
      0.19450474491057654
    ],
    "files_used": 394
  }
}